in: shape,	in: count,	out: polycount,	out: volume,	out: surface area,	img,	threeD
rect,	1,	24,	1346.377935,	748.55129,	https://github.com/nicoazel/design-explorer-datasets/blob/master/demo-DataSet/thing1.png,	https://github.com/nicoazel/design-explorer-datasets/blob/master/demo-DataSet/thing1.json,
sphere,	1,	6441,	2279.038921,	837.68474,	https://github.com/nicoazel/design-explorer-datasets/blob/master/demo-DataSet/thing2.png,	https://github.com/nicoazel/design-explorer-datasets/blob/master/demo-DataSet/thing2.json
box+sphere,	2,	810,	784.050405,	629.225534,	https://github.com/nicoazel/design-explorer-datasets/blob/master/demo-DataSet/thing3.png,	https://github.com/nicoazel/design-explorer-datasets/blob/master/demo-DataSet/thing3.json
box+sphere,	2,	2628,	1712.208406,	956.09601,	https://github.com/nicoazel/design-explorer-datasets/blob/master/demo-DataSet/https://github.com/nicoazel/design-explorer-datasets/blob/master/demo-DataSet/thing4.png,	https://github.com/nicoazel/design-explorer-datasets/blob/master/demo-DataSet/thing4.json
